 Date,Open,Low,High,Close
4/24/20,2812.64,2791.76,2842.71,2836.74
4/23/20,2810.42,2794.26,2844.9,2797.8
4/22/20,2787.89,2775.95,2815.1,2799.31
4/21/20,2784.81,2727.1,2785.54,2736.56
4/20/20,2845.62,2820.43,2868.98,2823.16
4/17/20,2842.43,2830.88,2879.22,2874.56
4/16/20,2799.34,2764.32,2806.51,2799.55
4/15/20,2795.64,2761.54,2801.88,2783.36
4/14/20,2805.1,2805.1,2851.85,2846.06
4/13/20,2782.46,2721.17,2782.46,2761.63
4/9/20,2776.99,2762.36,2818.57,2789.82
4/8/20,2685,2663.3,2760.75,2749.98
4/7/20,2738.65,2657.67,2756.89,2659.41
4/6/20,2578.28,2574.57,2676.85,2663.68
4/3/20,2514.92,2459.96,2538.18,2488.65
4/2/20,2458.54,2455.79,2533.22,2526.9
4/1/20,2498.08,2447.49,2522.75,2470.5
3/31/20,2614.69,2571.15,2641.39,2584.59
3/30/20,2558.98,2545.28,2631.8,2626.65
3/27/20,2555.87,2520.02,2615.91,2541.47
3/26/20,2501.29,2500.72,2637.01,2630.07
3/25/20,2465,2401,2576,2475.56
3/24/20,2344.44,2344.44,2449.71,2447.33
3/23/20,2290.71,2191.86,2300.73,2237.4
3/20/20,2431.94,2295.56,2453.01,2304.92
3/19/20,2393.48,2319.78,2466.97,2409.39
3/18/20,2436.5,2280.52,2453.57,2398.1
3/17/20,2425.66,2367.04,2553.93,2529.19
3/16/20,2508.59,2380.94,2562.98,2386.13
3/13/20,2569.99,2492.37,2711.33,2711.02
3/12/20,2630.86,2478.86,2660.95,2480.64
3/11/20,2825.6,2707.22,2825.6,2741.38
3/10/20,2813.48,2734,2882.59,2882.23
3/9/20,2863.89,2734.43,2863.89,2746.56
3/6/20,2954.2,2901.54,2985.93,2972.37
3/5/20,3075.7,2999.83,3083.04,3023.94
3/4/20,3045.75,3034.38,3130.97,3130.12
3/3/20,3096.46,2976.63,3136.72,3003.37
3/2/20,2974.28,2945.19,3090.96,3090.23
2/28/20,2916.9,2855.84,2959.72,2954.22
2/27/20,3062.54,2977.39,3097.07,2978.76
2/26/20,3139.9,3108.99,3182.51,3116.39
2/25/20,3238.94,3118.77,3246.99,3128.21
2/24/20,3257.61,3214.65,3259.81,3225.89
2/21/20,3360.5,3328.45,3360.76,3337.75
2/20/20,3380.45,3341.02,3389.15,3373.23
2/19/20,3380.39,3378.83,3393.52,3386.15
2/18/20,3369.04,3355.61,3375.01,3370.29
2/14/20,3378.08,3366.15,3380.69,3380.16
2/13/20,3365.9,3360.52,3385.09,3373.94
2/12/20,3370.5,3369.72,3381.47,3379.45
2/11/20,3365.87,3352.72,3375.63,3357.75
2/10/20,3318.28,3317.77,3352.26,3352.09
2/7/20,3335.54,3322.12,3341.42,3327.71
2/6/20,3344.92,3334.39,3347.96,3345.78
2/5/20,3324.91,3313.75,3337.58,3334.69
2/4/20,3294.5,3269.73,3306.74,3296.44
2/3/20,3262.29,3235,3268.48,3247.84
1/31/20,3267.11,3214.28,3285.2,3226.98
1/30/20,3258.65,3242.07,3283.7,3282.7
1/29/20,3280.32,3271.55,3293.58,3275.36
1/28/20,3258.44,3243.43,3285.93,3280.01
1/27/20,3252.9,3234.69,3267.75,3245.56
1/24/20,3330.18,3281.41,3337.21,3295.65
1/23/20,3310.19,3301.73,3326.88,3324.63
1/22/20,3334.84,3319.96,3337.48,3324.47
1/21/20,3320.8,3308.4,3329.94,3320.52
1/17/20,3324.67,3318.67,3329.56,3329.31
1/16/20,3304.21,3298.89,3315.76,3315.76
1/15/20,3294.47,3278.52,3298.41,3287.92
1/14/20,3279.29,3274.66,3294.18,3281.6
1/13/20,3280.35,3268.17,3287.17,3286.43
1/10/20,3280.35,3260.36,3286.23,3265.82
1/9/20,3267.09,3263.64,3275.98,3273.62
1/8/20,3247.08,3227.47,3267.14,3252.67
1/7/20,3235.53,3231.29,3253.93,3237.25
1/6/20,3225.83,3209.11,3245.44,3244.44
1/3/20,3233.59,3206.41,3245.81,3235.78
1/2/20,3248.45,3235.16,3256.24,3255.99
12/31/19,3223.51,3212.3,3229.81,3227.57
12/30/19,3225.64,3216.13,3242.68,3220.04
12/27/19,3236.62,3233.94,3251.8,3238.92
12/26/19,3231,3227.27,3237.37,3236.62
12/24/19,3222.48,3220.15,3227.99,3224.33
12/23/19,3224.93,3222.62,3230.65,3222.62
12/20/19,3216.1,3204.14,3225.24,3222.26
12/19/19,3194.6,3189.89,3205.6,3203.44
12/18/19,3193.18,3188.5,3198.79,3193.72
12/17/19,3192.07,3187.36,3198.78,3193.3
12/16/19,3191.4,3180.21,3197.99,3191.16
12/13/19,3169,3156.38,3184.24,3169.93
12/12/19,3165.59,3137.22,3176.82,3170.01
12/11/19,3135.75,3133.21,3143.98,3141.63
12/10/19,3135.36,3126.09,3142.12,3132.52
12/9/19,3147.61,3136.99,3148.95,3137.24
12/6/19,3143.63,3120.59,3150.7,3144.41
12/5/19,3111.97,3103.23,3124.33,3116.09
12/4/19,3103.5,3102.53,3119.38,3112.76
12/3/19,3087.41,3070.33,3094.97,3093.2
12/2/19,3126.58,3110.7,3158.13,3113.98
11/29/19,3148.73,3139.71,3150.33,3143.62
11/27/19,3144.93,3142.68,3154.07,3153.52
11/26/19,3137.03,3128.68,3142.68,3142.18
11/25/19,3127.66,3117.69,3133.71,3133.71
11/22/19,3111.04,3098.63,3115.44,3110.29
11/21/19,3102.66,3094.31,3114.38,3108.28
11/20/19,3115.64,3090.88,3118.89,3106.69
11/19/19,3121.53,3113.14,3133.02,3120.57
11/18/19,3115.82,3111.83,3126.34,3119.54
11/15/19,3104.31,3103.25,3117.73,3117.73
11/14/19,3093.24,3082.75,3098.11,3095.86
11/13/19,3084.18,3078.8,3098.06,3094.04
11/12/19,3089.28,3084.73,3102.61,3091.84
11/11/19,3080.33,3075.82,3088.33,3087.01
11/8/19,3081.25,3073.58,3093.09,3093.08
11/7/19,3087.02,3080.23,3097.77,3085.18
11/6/19,3075.1,3065.89,3078.34,3076.78
11/5/19,3080.8,3072.15,3083.95,3074.62
11/4/19,3078.96,3074.87,3085.2,3078.27
11/1/19,3050.72,3050.72,3066.95,3066.91
10/31/19,3046.9,3023.19,3046.9,3037.56
10/30/19,3039.74,3025.96,3050.1,3046.77
10/29/19,3035.39,3034.81,3047.87,3036.89
10/28/19,3032.12,3032.12,3044.08,3039.42
10/25/19,3003.32,3001.94,3027.39,3022.55
10/24/19,3014.78,3000.42,3016.07,3010.29
10/23/19,2994.01,2991.21,3004.78,3004.52
10/22/19,3010.73,2995.04,3014.57,2995.99
10/21/19,2996.48,2995.35,3007.33,3006.72
10/18/19,2996.84,2976.31,3000,2986.2
10/17/19,3000.77,2991.79,3008.29,2997.95
10/16/19,2989.68,2985.2,2997.54,2989.69
10/15/19,2973.61,2973.61,3003.28,2995.68
10/14/19,2965.81,2962.94,2972.84,2966.15
10/11/19,2963.07,2963.07,2993.28,2970.27
10/10/19,2918.55,2917.12,2948.46,2938.13
10/9/19,2911.1,2907.41,2929.32,2919.4
10/8/19,2920.4,2892.66,2925.47,2893.06
10/7/19,2944.23,2935.68,2959.75,2938.79
10/4/19,2918.56,2918.56,2953.74,2952.01
10/3/19,2885.38,2855.94,2911.13,2910.63
10/2/19,2924.78,2874.93,2924.78,2887.61
10/1/19,2983.69,2938.7,2992.53,2940.25
9/30/19,2967.07,2967.07,2983.85,2976.74
9/27/19,2985.47,2945.53,2987.31,2961.79
9/26/19,2985.73,2963.71,2987.28,2977.62
9/25/19,2968.35,2952.86,2989.82,2984.87
9/24/19,3002.43,2957.73,3007.98,2966.6
9/23/19,2983.5,2982.23,2999.15,2991.78
9/20/19,3008.42,2984.68,3016.37,2992.07
9/19/19,3010.36,3003.16,3021.99,3006.79
9/18/19,3001.5,2978.57,3007.83,3006.73
9/17/19,2995.67,2993.73,3006.21,3005.7
9/16/19,2996.41,2990.67,3002.19,2997.96
9/13/19,3012.21,3002.9,3017.33,3007.39
9/12/19,3009.08,3000.92,3020.74,3009.57
9/11/19,2981.41,2975.31,3000.93,3000.93
9/10/19,2971.01,2957.01,2979.39,2979.39
9/9/19,2988.43,2969.39,2989.43,2978.43
9/6/19,2980.33,2972.51,2985.03,2978.71
9/5/19,2960.6,2960.6,2985.86,2976
9/4/19,2924.67,2921.86,2938.84,2937.78
9/3/19,2909.01,2891.85,2914.39,2906.27
8/30/19,2937.09,2913.32,2940.43,2926.46
8/29/19,2910.37,2905.67,2930.5,2924.58
8/28/19,2861.28,2853.05,2890.03,2887.94
8/27/19,2893.14,2860.59,2898.79,2869.16
8/26/19,2866.7,2856,2879.27,2878.38
8/23/19,2911.07,2834.97,2927.01,2847.11
8/22/19,2930.94,2904.51,2939.08,2922.95
8/21/19,2922.04,2917.91,2928.73,2924.43
8/20/19,2919.01,2899.6,2923.63,2900.51
8/19/19,2913.48,2913.48,2931,2923.65
8/16/19,2864.74,2864.74,2893.63,2888.68
8/15/19,2846.2,2825.51,2856.67,2847.6
8/14/19,2894.15,2839.64,2894.15,2840.6
8/13/19,2880.72,2877.05,2943.31,2926.32
8/12/19,2907.07,2873.14,2907.58,2883.75
8/9/19,2930.51,2900.15,2935.75,2918.65
8/8/19,2896.21,2894.47,2938.72,2938.09
8/7/19,2858.65,2825.71,2892.17,2883.98
8/6/19,2861.18,2847.42,2884.4,2881.77
8/5/19,2898.07,2822.12,2898.07,2844.74
8/2/19,2943.9,2914.11,2945.5,2932.05
8/1/19,2980.32,2945.23,3013.59,2953.56
7/31/19,3016.22,2958.08,3017.4,2980.38
7/30/19,3007.66,3000.94,3017.19,3013.18
7/29/19,3024.47,3014.3,3025.61,3020.97
7/26/19,3013.25,3012.59,3027.98,3025.86
7/25/19,3016.26,2997.24,3016.31,3003.67
7/24/19,2998.77,2996.82,3019.59,3019.56
7/23/19,2994.74,2988.56,3005.9,3005.47
7/22/19,2981.93,2976.65,2990.71,2985.03
7/19/19,3004.26,2975.86,3006.02,2976.61
7/18/19,2978.87,2973.09,2998.28,2995.11
7/17/19,3005.1,2984.25,3005.26,2984.42
7/16/19,3012.13,3001.15,3015.02,3004.04
7/15/19,3017.8,3008.77,3017.8,3014.3
7/12/19,3003.36,3001.87,3013.92,3013.77
7/11/19,2999.62,2988.8,3002.33,2999.91
7/10/19,2989.3,2984.62,3002.98,2993.07
7/9/19,2965.52,2963.44,2981.9,2979.63
7/8/19,2979.77,2970.09,2980.76,2975.95
7/5/19,2984.25,2967.97,2994.03,2990.41
7/3/19,2978.08,2977.96,2995.84,2995.82
7/2/19,2964.66,2955.92,2973.21,2973.01
7/1/19,2971.41,2952.22,2977.93,2964.33
6/28/19,2932.94,2929.05,2943.98,2941.76
6/27/19,2919.66,2918.57,2929.3,2924.92
6/26/19,2926.07,2912.99,2932.59,2913.78
6/25/19,2945.78,2916.01,2946.52,2917.38
6/24/19,2951.42,2944.05,2954.92,2945.35
6/21/19,2952.71,2946.87,2964.15,2950.46
6/20/19,2949.6,2931.5,2958.06,2954.18
6/19/19,2920.55,2911.43,2931.74,2926.46
6/18/19,2906.71,2905.44,2930.79,2917.75
6/17/19,2889.75,2887.3,2897.27,2889.67
6/14/19,2886.82,2879.62,2894.45,2886.98
6/13/19,2886.24,2881.99,2895.24,2891.64
6/12/19,2882.73,2874.68,2888.57,2879.84
6/11/19,2903.27,2878.53,2910.61,2885.72
6/10/19,2885.83,2885.51,2904.77,2886.73
6/7/19,2852.87,2852.87,2884.97,2873.34
6/6/19,2828.51,2822.45,2852.1,2843.49
6/5/19,2818.09,2800.92,2827.28,2826.15
6/4/19,2762.64,2762.64,2804.49,2803.27
6/3/19,2751.53,2728.81,2763.07,2744.45
5/31/19,2766.15,2750.52,2768.98,2752.06
5/30/19,2786.94,2776.74,2799,2788.86
5/29/19,2790.25,2766.06,2792.03,2783.02
5/28/19,2830.03,2801.58,2840.51,2802.39
5/24/19,2832.41,2820.19,2841.36,2826.06
5/23/19,2836.7,2805.49,2836.7,2822.24
5/22/19,2856.06,2851.11,2865.47,2856.27
5/21/19,2854.02,2854.02,2868.88,2864.36
5/20/19,2841.94,2831.29,2853.86,2840.23
5/17/19,2858.6,2854.23,2885.48,2859.53
5/16/19,2855.8,2855.8,2892.15,2876.32
5/15/19,2820.38,2815.08,2858.68,2850.96
5/14/19,2820.12,2820.12,2852.54,2834.41
5/13/19,2840.19,2801.43,2840.19,2811.87
5/10/19,2863.1,2825.39,2891.31,2881.4
5/9/19,2859.84,2836.4,2875.97,2870.72
5/8/19,2879.61,2873.28,2897.96,2879.42
5/7/19,2913.03,2862.6,2913.03,2884.05
5/6/19,2908.89,2898.21,2937.32,2932.47
5/3/19,2929.21,2929.21,2947.85,2945.64
5/2/19,2922.16,2900.5,2931.68,2917.52
5/1/19,2952.33,2923.36,2954.13,2923.73
4/30/19,2937.14,2924.11,2948.22,2945.83
4/29/19,2940.58,2939.35,2949.52,2943.03
4/26/19,2925.81,2917.56,2939.88,2939.88
4/25/19,2928.99,2912.84,2933.1,2926.17
4/24/19,2934,2926.05,2936.83,2927.25
4/23/19,2909.99,2908.53,2936.31,2933.68
4/22/19,2898.78,2896.35,2909.51,2907.97
4/18/19,2904.81,2891.9,2908.4,2905.03
4/17/19,2916.04,2895.45,2918,2900.45
4/16/19,2912.26,2900.71,2916.06,2907.06
4/15/19,2908.32,2896.48,2909.6,2905.58
4/12/19,2900.86,2898.37,2910.54,2907.41
4/11/19,2891.92,2881.99,2893.42,2888.32
4/10/19,2881.37,2879.13,2889.71,2888.21
4/9/19,2886.58,2873.33,2886.88,2878.2
4/8/19,2888.46,2880.78,2895.95,2895.77
4/5/19,2884.16,2882.99,2893.24,2892.74
4/4/19,2873.99,2867.14,2881.28,2879.39
4/3/19,2876.09,2865.17,2885.25,2873.4
4/2/19,2868.24,2858.75,2872.9,2867.24
4/1/19,2848.63,2848.63,2869.4,2867.19
3/29/19,2828.27,2819.23,2836.03,2834.4
3/28/19,2809.4,2798.77,2819.71,2815.44
3/27/19,2819.72,2787.72,2825.56,2805.37
3/26/19,2812.66,2803.99,2829.87,2818.46
3/25/19,2796.01,2785.02,2809.79,2798.36
3/22/19,2844.52,2800.47,2846.16,2800.71
3/21/19,2819.72,2817.38,2860.31,2854.88
3/20/19,2831.34,2812.43,2843.54,2824.23
3/19/19,2840.76,2823.27,2852.42,2832.57
3/18/19,2822.61,2821.99,2835.41,2832.94
3/15/19,2810.79,2810.79,2830.73,2822.48
3/14/19,2810.38,2803.46,2815,2808.48
3/13/19,2799.78,2799.78,2821.24,2810.92
3/12/19,2787.34,2786.73,2798.32,2791.52
3/11/19,2747.61,2747.61,2784,2783.3
3/8/19,2730.79,2722.27,2744.13,2743.07
3/7/19,2766.53,2739.09,2767.25,2748.93
3/6/19,2790.27,2768.69,2790.27,2771.45
3/5/19,2794.41,2782.97,2796.44,2789.65
3/4/19,2814.37,2767.66,2816.88,2792.81
3/1/19,2798.22,2787.38,2808.02,2803.69
2/28/19,2788.11,2782.51,2793.73,2784.49
2/27/19,2787.5,2775.13,2795.76,2792.38
2/26/19,2792.36,2789.47,2803.12,2793.9
2/25/19,2804.35,2794.99,2813.49,2796.11
2/22/19,2780.67,2779.11,2794.2,2792.67
2/21/19,2780.24,2764.55,2781.58,2774.88
2/20/19,2779.05,2774.06,2789.88,2784.7
2/19/19,2769.28,2767.29,2787.33,2779.76
2/15/19,2760.24,2760.24,2775.66,2775.6
2/14/19,2743.5,2731.23,2757.9,2745.73
2/13/19,2750.3,2748.63,2761.85,2753.03
2/12/19,2722.61,2722.61,2748.19,2744.73
2/11/19,2712.4,2703.79,2718.05,2709.8
2/8/19,2692.36,2681.83,2708.07,2707.88
2/7/19,2717.53,2687.26,2719.32,2706.05
2/6/19,2735.05,2724.15,2738.08,2731.61
2/5/19,2728.34,2724.03,2738.98,2737.7
2/4/19,2706.49,2698.75,2724.99,2724.87
2/1/19,2702.32,2696.88,2716.66,2706.53
1/31/19,2685.49,2678.65,2708.95,2704.1
1/30/19,2653.62,2648.34,2690.44,2681.05
1/29/19,2644.89,2631.05,2650.93,2640
1/28/19,2644.97,2624.06,2644.97,2643.85
1/25/19,2657.44,2657.33,2672.38,2664.76
1/24/19,2638.84,2627.01,2647.2,2642.33
1/23/19,2643.48,2612.86,2653.19,2638.7
1/22/19,2657.88,2617.27,2657.88,2632.9
1/18/19,2651.27,2647.58,2675.47,2670.71
1/17/19,2609.28,2606.36,2645.06,2635.96
1/16/19,2614.75,2612.68,2625.76,2616.1
1/15/19,2585.1,2585.1,2613.08,2610.3
1/14/19,2580.31,2570.41,2589.32,2582.61
1/11/19,2592.74,2576.6,2596.72,2595.03
1/10/19,2573.51,2562.02,2597.82,2596.64
1/9/19,2580,2568.89,2595.32,2584.96
1/8/19,2568.11,2547.56,2579.82,2574.41
1/7/19,2535.61,2524.56,2566.16,2549.69
1/4/19,2474.33,2474.33,2538.07,2531.94
1/3/19,2491.92,2443.96,2493.14,2447.89
1/2/19,2476.96,2467.47,2519.49,2510.03
12/31/18,2508.21,2482.2,2511.78,2506.85
12/28/18,2498.77,2472.89,2520.27,2485.74
12/27/18,2442.5,2397.94,2489.1,2488.83
12/26/18,2363.12,2346.58,2467.76,2467.7
12/24/18,2400.56,2351.1,2410.34,2351.1
12/21/18,2465.38,2408.55,2504.41,2416.62
12/20/18,2496.77,2441.18,2509.63,2467.42
12/19/18,2547.05,2488.96,2585.29,2506.96
12/18/18,2559.9,2528.71,2573.99,2546.16
12/17/18,2590.75,2530.54,2601.13,2545.94
12/14/18,2629.68,2593.84,2635.07,2599.95
12/13/18,2658.7,2637.27,2670.19,2650.54
12/12/18,2658.23,2650.26,2685.44,2651.07
12/11/18,2664.44,2621.3,2674.35,2636.78
12/10/18,2630.86,2583.23,2647.51,2637.72
12/7/18,2691.26,2623.14,2708.54,2633.08
12/6/18,2663.51,2621.53,2696.15,2695.95
12/4/18,2782.43,2697.18,2785.93,2700.06
12/3/18,2790.5,2773.38,2800.18,2790.37
11/30/18,2737.76,2732.76,2760.88,2760.17
11/29/18,2736.97,2722.94,2753.75,2737.76
11/28/18,2691.45,2684.38,2744,2743.79
11/27/18,2663.75,2655.89,2682.53,2682.17
11/26/18,2649.97,2649.97,2674.35,2673.45
11/23/18,2633.36,2631.09,2647.55,2632.56
11/21/18,2657.74,2649.82,2670.73,2649.93
11/20/18,2654.6,2631.52,2669.44,2641.89
11/19/18,2730.74,2681.09,2733.16,2690.73
11/16/18,2718.54,2712.16,2746.75,2736.27
11/15/18,2693.52,2670.75,2735.38,2730.2
11/14/18,2737.9,2685.75,2746.8,2701.58
11/13/18,2730.05,2714.98,2754.6,2722.18
11/12/18,2773.93,2722,2775.99,2726.22
11/9/18,2794.1,2764.24,2794.1,2781.01
11/8/18,2806.38,2794.99,2814.75,2806.83
11/7/18,2774.13,2774.13,2815.15,2813.89
11/6/18,2738.4,2737.08,2756.82,2755.45
11/5/18,2726.37,2717.94,2744.27,2738.31
11/2/18,2745.45,2700.44,2756.55,2723.06
11/1/18,2717.58,2708.85,2741.67,2740.37
10/31/18,2705.6,2705.6,2736.69,2711.74
10/30/18,2640.68,2635.34,2685.43,2682.63
10/29/18,2682.65,2603.54,2706.85,2641.25
10/26/18,2667.86,2628.16,2692.38,2658.69
10/25/18,2674.88,2667.84,2722.7,2705.57
10/24/18,2737.87,2651.89,2742.59,2656.1
10/23/18,2721.03,2691.43,2753.59,2740.69
10/22/18,2773.94,2749.22,2778.94,2755.88
10/19/18,2775.66,2760.27,2797.77,2767.78
10/18/18,2802,2755.18,2806.04,2768.78
10/17/18,2811.67,2781.81,2816.94,2809.21
10/16/18,2767.05,2766.91,2813.46,2809.92
10/15/18,2763.83,2749.03,2775.99,2750.79
10/12/18,2770.54,2729.44,2775.77,2767.13
10/11/18,2776.87,2710.51,2795.14,2728.37
10/10/18,2873.9,2784.86,2874.02,2785.68
10/9/18,2882.51,2874.27,2894.83,2880.34
10/8/18,2877.53,2862.08,2889.45,2884.43
10/5/18,2902.54,2869.29,2909.64,2885.57
10/4/18,2919.35,2883.92,2919.78,2901.61
10/3/18,2931.69,2921.36,2939.86,2925.51
10/2/18,2923.8,2919.37,2931.42,2923.43
10/1/18,2926.29,2917.91,2937.06,2924.59
9/28/18,2910.03,2907.5,2920.53,2913.98
9/27/18,2911.65,2909.27,2927.22,2914
9/26/18,2916.98,2903.28,2931.15,2905.97
9/25/18,2921.75,2913.7,2923.95,2915.56
9/24/18,2921.83,2912.63,2923.79,2919.37
9/21/18,2936.76,2927.11,2940.91,2929.67
9/20/18,2919.73,2919.73,2934.8,2930.75
9/19/18,2906.6,2903.82,2912.36,2907.95
9/18/18,2890.74,2890.43,2911.17,2904.31
9/17/18,2903.83,2886.16,2904.65,2888.8
9/14/18,2906.38,2895.77,2908.3,2904.98
9/13/18,2896.85,2896.39,2906.76,2904.18
9/12/18,2888.29,2879.2,2894.65,2888.92
9/11/18,2871.57,2866.78,2892.52,2887.89
9/10/18,2881.39,2875.94,2886.93,2877.13
9/7/18,2868.26,2864.12,2883.81,2871.68
9/6/18,2888.64,2867.29,2892.05,2878.05
9/5/18,2891.59,2876.92,2894.21,2888.6
9/4/18,2896.96,2885.13,2900.18,2896.72
8/31/18,2898.37,2891.73,2906.32,2901.52
8/30/18,2908.94,2895.22,2912.46,2901.13
8/29/18,2900.62,2898.4,2916.5,2914.04
8/28/18,2901.45,2893.5,2903.77,2897.52
8/27/18,2884.69,2884.69,2898.25,2896.74
8/24/18,2862.35,2862.35,2876.16,2874.69
8/23/18,2860.29,2854.03,2868.78,2856.98
8/22/18,2860.99,2856.05,2867.54,2861.82
8/21/18,2861.51,2861.32,2873.23,2862.96
8/20/18,2853.93,2850.62,2859.76,2857.05
8/17/18,2838.32,2833.73,2855.63,2850.13
8/16/18,2831.44,2831.44,2850.49,2840.69
8/15/18,2827.95,2802.49,2827.95,2818.37
8/14/18,2827.88,2826.58,2843.11,2839.96
8/13/18,2835.46,2819.88,2843.4,2821.93
8/10/18,2839.64,2825.81,2842.2,2833.28
8/9/18,2857.19,2851.98,2862.48,2853.58
8/8/18,2856.79,2853.09,2862.44,2857.7
8/7/18,2855.92,2855.92,2863.43,2858.45
8/6/18,2840.29,2835.98,2853.29,2850.4
8/3/18,2829.62,2827.37,2840.38,2840.35
8/2/18,2800.48,2796.34,2829.91,2827.22
8/1/18,2821.17,2805.85,2825.83,2813.36
7/31/18,2809.73,2808.06,2824.46,2816.29
7/30/18,2819,2798.11,2821.74,2802.6
7/27/18,2842.35,2808.34,2843.17,2818.82
7/26/18,2835.49,2835.26,2845.57,2837.44
7/25/18,2817.73,2817.73,2848.03,2846.07
7/24/18,2820.68,2811.12,2829.99,2820.4
7/23/18,2799.17,2795.14,2808.61,2806.98
7/20/18,2804.55,2800.01,2809.7,2801.83
7/19/18,2809.37,2799.77,2812.05,2804.49
7/18/18,2811.35,2805.89,2816.76,2815.62
7/17/18,2789.34,2789.24,2814.19,2809.55
7/16/18,2801.43,2793.39,2803.71,2798.43
7/13/18,2796.93,2791.69,2804.53,2801.31
7/12/18,2783.14,2781.53,2799.22,2798.29
7/11/18,2779.82,2770.77,2785.91,2774.02
7/10/18,2788.56,2786.24,2795.58,2793.84
7/9/18,2768.51,2768.51,2784.65,2784.17
7/6/18,2737.68,2733.52,2764.41,2759.82
7/5/18,2724.19,2716.02,2737.83,2736.61
7/3/18,2733.27,2711.16,2736.58,2713.22
7/2/18,2704.95,2698.95,2727.26,2726.71
6/29/18,2727.13,2718.03,2743.26,2718.37
6/28/18,2698.69,2691.99,2724.34,2716.31
6/27/18,2728.45,2699.38,2746.09,2699.63
6/26/18,2722.12,2715.6,2732.91,2723.06
6/25/18,2742.94,2698.67,2742.94,2717.07
6/22/18,2760.79,2752.68,2764.17,2754.88
6/21/18,2769.28,2744.39,2769.28,2749.76
6/20/18,2769.73,2763.91,2774.86,2767.32
6/19/18,2752.01,2743.19,2765.05,2762.59
6/18/18,2765.79,2757.12,2774.99,2773.75
6/15/18,2777.78,2761.73,2782.81,2779.66
6/14/18,2783.21,2776.52,2789.06,2782.49
6/13/18,2787.94,2774.65,2791.47,2775.63
6/12/18,2785.6,2778.78,2789.8,2786.85
6/11/18,2780.18,2780.17,2790.21,2782
6/8/18,2765.84,2763.59,2779.39,2779.03
6/7/18,2774.84,2760.16,2779.9,2770.37
6/6/18,2753.25,2748.46,2772.39,2772.35
6/5/18,2748.46,2739.51,2752.61,2748.8
6/4/18,2741.67,2740.54,2749.16,2746.87
6/1/18,2718.7,2718.7,2736.93,2734.62
5/31/18,2720.98,2700.68,2722.5,2705.27
5/30/18,2702.43,2702.43,2729.34,2724.01
5/29/18,2705.11,2676.81,2710.67,2689.86
5/25/18,2723.6,2714.99,2727.36,2721.33
5/24/18,2730.94,2707.38,2731.97,2727.76
5/23/18,2713.98,2709.54,2733.33,2733.29
5/22/18,2738.34,2721.88,2742.24,2724.44
5/21/18,2725.95,2725.7,2739.19,2733.01
5/18/18,2717.35,2709.18,2719.5,2712.97
5/17/18,2719.71,2711.36,2731.96,2720.13
5/16/18,2712.62,2712.17,2727.76,2722.46
5/15/18,2718.59,2701.91,2718.59,2711.45
5/14/18,2733.37,2725.47,2742.1,2730.13
5/11/18,2722.7,2717.45,2732.86,2727.72
5/10/18,2723.07,2723.07,2723.07,2723.07
5/9/18,2697.79,2697.79,2697.79,2697.79
5/8/18,2670.85,2654.51,2676.4,2669.98
5/7/18,2672.63,2672.63,2672.63,2672.63
5/4/18,2621.45,2615.32,2670.93,2663.42
5/3/18,2628.08,2594.62,2637.14,2629.73
5/2/18,2654.24,2631.7,2660.87,2635.67
5/1/18,2643.64,2625.41,2655.27,2654.8
4/30/18,2675.05,2648.04,2682.92,2648.05
4/27/18,2675.47,2659.01,2677.35,2669.91
4/26/18,2651.65,2647.16,2676.48,2666.94
4/25/18,2634.92,2612.67,2645.3,2639.4
4/24/18,2680.8,2617.32,2683.55,2634.56
4/23/18,2675.4,2657.99,2682.86,2670.29
4/20/18,2692.56,2660.61,2693.94,2670.14
4/19/18,2701.16,2681.9,2702.84,2693.13
4/18/18,2710.11,2703.63,2717.49,2708.64
4/17/18,2692.74,2692.05,2713.34,2706.39
4/16/18,2670.1,2665.16,2686.49,2677.84
4/13/18,2676.9,2645.05,2680.26,2656.3
4/12/18,2653.83,2653.83,2674.72,2663.99
4/11/18,2643.89,2639.25,2661.43,2642.19
4/10/18,2638.41,2635.78,2665.45,2656.87
4/9/18,2617.18,2610.79,2653.55,2613.16
4/6/18,2645.82,2586.27,2656.88,2604.47
4/5/18,2657.36,2649.58,2672.08,2662.84
4/4/18,2584.04,2573.61,2649.86,2644.69
4/3/18,2592.17,2575.49,2619.14,2614.45
4/2/18,2633.45,2553.8,2638.3,2581.88
3/29/18,2614.41,2609.72,2659.07,2640.87
3/28/18,2611.3,2593.06,2632.65,2605
3/27/18,2667.57,2596.12,2674.78,2612.62
3/26/18,2619.35,2601.81,2661.36,2658.55
3/23/18,2646.71,2585.89,2657.67,2588.26
3/22/18,2691.36,2641.59,2695.68,2643.69
3/21/18,2714.99,2709.79,2739.14,2711.93
3/20/18,2715.05,2710.05,2724.22,2716.94
3/19/18,2741.38,2694.59,2741.38,2712.92
3/16/18,2750.57,2749.97,2761.85,2752.01
3/15/18,2754.27,2741.47,2763.03,2747.33
3/14/18,2774.06,2744.38,2777.11,2749.48
3/13/18,2792.31,2758.68,2801.9,2765.31
3/12/18,2790.54,2779.26,2796.98,2783.02
3/9/18,2752.91,2751.54,2786.57,2786.57
3/8/18,2732.75,2722.65,2740.45,2738.97
3/7/18,2710.18,2701.74,2730.6,2726.8
3/6/18,2730.18,2711.26,2732.08,2728.12
3/5/18,2681.06,2675.75,2728.09,2720.94
3/2/18,2658.89,2647.32,2696.25,2691.25
3/1/18,2715.22,2659.65,2730.89,2677.67
2/28/18,2753.78,2713.54,2761.52,2713.83
2/27/18,2780.45,2744.22,2789.15,2744.28
2/26/18,2757.37,2753.78,2780.64,2779.6
2/23/18,2715.8,2713.74,2747.76,2747.3
2/22/18,2710.42,2697.77,2731.26,2703.96
2/21/18,2720.53,2701.29,2747.75,2701.33
2/20/18,2722.99,2706.76,2737.6,2716.26
2/16/18,2727.14,2725.11,2754.42,2732.22
2/15/18,2713.46,2689.82,2731.51,2731.2
2/14/18,2651.21,2648.87,2702.1,2698.63
2/13/18,2646.27,2637.08,2668.84,2662.94
2/12/18,2636.75,2622.45,2672.61,2656
2/9/18,2601.78,2532.69,2638.67,2619.55
2/8/18,2685.01,2580.56,2685.27,2581
2/7/18,2690.95,2681.33,2727.67,2681.66
2/6/18,2614.78,2593.07,2701.04,2695.14
2/5/18,2741.06,2638.17,2763.39,2648.94
2/2/18,2808.92,2759.97,2808.92,2762.13
2/1/18,2816.45,2812.7,2835.96,2821.98
1/31/18,2832.41,2813.04,2839.26,2823.81
1/30/18,2832.74,2818.27,2837.75,2822.43
1/29/18,2867.23,2851.48,2870.62,2853.53
1/26/18,2847.48,2846.18,2872.87,2872.87
1/25/18,2846.24,2830.94,2848.56,2839.25
1/24/18,2845.42,2824.81,2852.97,2837.54
1/23/18,2835.05,2830.59,2842.24,2839.13
1/22/18,2809.16,2808.12,2833.03,2832.97
1/19/18,2802.6,2798.08,2810.33,2810.3
1/18/18,2802.4,2792.56,2805.83,2798.03
1/17/18,2784.99,2778.38,2807.04,2802.56
1/16/18,2798.96,2768.64,2807.54,2776.42
1/12/18,2770.18,2769.64,2787.85,2786.24
1/11/18,2752.97,2752.78,2767.56,2767.56
1/10/18,2745.55,2736.06,2750.8,2748.23
1/9/18,2751.15,2747.86,2759.14,2751.29
1/8/18,2742.67,2737.6,2748.51,2747.71
1/5/18,2731.33,2727.92,2743.45,2743.15
1/4/18,2719.31,2719.07,2729.29,2723.99
1/3/18,2697.85,2697.77,2714.37,2713.06
1/2/18,2683.73,2682.36,2695.89,2695.81
12/29/17,2689.15,2673.61,2692.12,2673.61
12/28/17,2686.1,2682.69,2687.66,2687.54
12/27/17,2682.1,2678.91,2685.64,2682.62
12/26/17,2679.09,2677.96,2682.74,2680.5
12/22/17,2684.22,2678.13,2685.35,2683.34
12/21/17,2683.02,2682.4,2692.64,2684.57
12/20/17,2688.18,2676.11,2691.01,2679.25
12/19/17,2692.71,2680.74,2694.44,2681.47
12/18/17,2685.92,2685.92,2694.97,2690.16
12/15/17,2660.63,2659.14,2679.63,2675.81
12/14/17,2665.87,2652.01,2668.09,2652.01
12/13/17,2667.59,2662.85,2671.88,2662.85
12/12/17,2661.73,2659.78,2669.72,2664.11
12/11/17,2652.19,2651.47,2660.33,2659.99
12/8/17,2646.21,2644.1,2651.65,2651.5
12/7/17,2628.38,2626.53,2640.99,2636.98
12/6/17,2626.24,2624.75,2634.41,2629.27
12/5/17,2639.78,2627.73,2648.72,2629.57
12/4/17,2657.19,2639.03,2665.19,2639.44
12/1/17,2645.1,2605.52,2650.62,2642.22
11/30/17,2633.93,2633.93,2657.74,2647.58
11/29/17,2627.82,2620.32,2634.89,2626.07
11/28/17,2605.94,2605.44,2627.69,2627.04
11/27/17,2602.66,2598.87,2606.41,2601.42
11/24/17,2600.42,2600.42,2604.21,2602.42
11/22/17,2600.31,2595.23,2600.94,2597.08
11/21/17,2589.17,2589.17,2601.19,2599.03
11/20/17,2579.49,2578.24,2584.64,2582.14
11/17/17,2582.94,2577.62,2583.96,2578.85
11/16/17,2572.95,2572.95,2590.09,2585.64
11/15/17,2569.45,2557.45,2572.84,2564.62
11/14/17,2577.75,2566.56,2579.66,2578.87
11/13/17,2576.53,2574.48,2587.66,2584.84
11/10/17,2580.18,2575.57,2583.81,2582.3
11/9/17,2584,2566.33,2586.5,2584.62
11/8/17,2588.71,2585.02,2595.47,2594.38
11/7/17,2592.11,2584.35,2597.02,2590.64
11/6/17,2587.47,2585.66,2593.38,2591.13
11/3/17,2581.93,2576.77,2588.42,2587.84
11/2/17,2579.46,2566.17,2581.11,2579.85
11/1/17,2583.21,2574.92,2588.4,2579.36
10/31/17,2575.99,2572.15,2578.29,2575.26
10/30/17,2577.75,2568.25,2580.03,2572.83
10/27/17,2570.26,2565.94,2582.98,2581.07
10/26/17,2560.08,2559.8,2567.07,2560.4
10/25/17,2566.52,2544,2567.4,2557.15
10/24/17,2568.66,2565.58,2572.18,2569.13
10/23/17,2578.08,2564.33,2578.29,2564.98
10/20/17,2567.56,2567.56,2575.44,2575.21
10/19/17,2553.39,2547.92,2562.36,2562.1
10/18/17,2562.87,2559.67,2564.11,2561.26
10/17/17,2557.17,2554.69,2559.71,2559.36
10/16/17,2555.57,2552.64,2559.47,2557.64
10/13/17,2555.66,2552.09,2557.65,2553.17
10/12/17,2552.88,2548.31,2555.33,2550.93
10/11/17,2550.62,2547.95,2555.24,2555.24
10/10/17,2549.99,2544.86,2555.23,2550.64
10/9/17,2551.39,2541.6,2551.82,2544.73
10/6/17,2547.44,2543.79,2549.41,2549.33
10/5/17,2540.86,2540.02,2552.51,2552.07
10/4/17,2533.48,2531.8,2540.53,2537.74
10/3/17,2530.34,2528.85,2535.13,2534.58
10/2/17,2521.2,2520.4,2529.23,2529.12
9/29/17,2509.96,2507.99,2519.44,2519.36
9/28/17,2503.41,2502.93,2510.81,2510.06
9/27/17,2503.3,2495.91,2511.75,2507.04
9/26/17,2501.04,2495.12,2503.51,2496.84
9/25/17,2499.39,2488.03,2502.54,2496.66
9/22/17,2497.26,2496.54,2503.47,2502.22
9/21/17,2507.16,2499,2507.16,2500.6
9/20/17,2506.84,2496.67,2508.85,2508.24
9/19/17,2506.29,2503.19,2507.84,2506.65
9/18/17,2502.51,2499.92,2508.32,2503.87
9/15/17,2495.67,2493.16,2500.23,2500.23
9/14/17,2494.56,2491.35,2498.43,2495.62
9/13/17,2493.89,2492.14,2498.37,2498.37
9/12/17,2491.94,2490.37,2496.77,2496.48
9/11/17,2474.52,2474.52,2488.95,2488.11
9/8/17,2462.25,2459.4,2467.11,2461.43
9/7/17,2468.06,2460.29,2468.62,2465.1
9/6/17,2463.83,2459.2,2469.64,2465.54
9/5/17,2470.35,2446.55,2471.97,2457.85
9/1/17,2474.42,2473.85,2480.38,2476.55
8/31/17,2462.65,2462.65,2475.01,2471.65
8/30/17,2446.06,2443.77,2460.31,2457.59
8/29/17,2431.94,2428.2,2449.19,2446.3
8/28/17,2447.35,2439.03,2449.12,2444.24
8/25/17,2444.72,2442.22,2453.96,2443.05
8/24/17,2447.91,2436.19,2450.39,2438.97
8/23/17,2444.88,2441.42,2448.91,2444.04
8/22/17,2433.75,2433.67,2454.77,2452.51
8/21/17,2425.5,2417.35,2430.58,2428.37
8/18/17,2427.64,2420.69,2440.27,2425.55
8/17/17,2462.95,2430.01,2465.02,2430.01
8/16/17,2468.63,2463.86,2474.93,2468.11
8/15/17,2468.66,2461.61,2468.9,2464.61
8/14/17,2454.96,2454.96,2468.22,2465.84
8/11/17,2441.04,2437.85,2448.09,2441.32
8/10/17,2465.38,2437.75,2465.38,2438.21
8/9/17,2465.35,2462.08,2474.41,2474.02
8/8/17,2478.35,2470.32,2490.87,2474.92
8/7/17,2477.14,2475.88,2480.95,2480.91
8/4/17,2476.88,2472.08,2480,2476.83
8/3/17,2476.03,2468.85,2476.03,2472.16
8/2/17,2480.38,2466.48,2480.38,2477.57
8/1/17,2477.1,2471.14,2478.51,2476.35
7/31/17,2475.94,2468.53,2477.96,2470.3
7/28/17,2469.12,2464.66,2473.53,2472.1
7/27/17,2482.76,2459.93,2484.04,2475.42
7/26/17,2479.97,2474.94,2481.69,2477.83
7/25/17,2477.88,2474.91,2481.24,2477.13
7/24/17,2472.04,2466.32,2473.1,2469.91
7/21/17,2467.4,2465.06,2472.54,2472.54
7/20/17,2475.56,2468.43,2477.62,2473.45
7/19/17,2463.85,2463.85,2473.83,2473.83
7/18/17,2455.88,2450.34,2460.92,2460.61
7/17/17,2459.5,2457.16,2462.82,2459.14
7/14/17,2449.16,2446.69,2463.54,2459.27
7/13/17,2444.99,2441.69,2449.32,2447.83
7/12/17,2435.75,2435.75,2445.76,2443.25
7/11/17,2427.35,2412.79,2429.3,2425.53
7/10/17,2424.51,2422.27,2432,2427.43
7/7/17,2413.52,2413.52,2426.92,2425.18
7/6/17,2423.44,2407.7,2424.28,2409.75
7/5/17,2430.78,2422.05,2434.9,2432.54
7/3/17,2431.39,2428.69,2439.17,2429.01
6/30/17,2429.2,2421.65,2432.71,2423.41
6/29/17,2442.38,2405.7,2442.73,2419.7
6/28/17,2428.7,2428.02,2442.97,2440.69
6/27/17,2436.34,2419.38,2440.15,2419.38
6/26/17,2443.32,2437.03,2450.42,2439.07
6/23/17,2434.65,2431.11,2441.4,2438.3
6/22/17,2437.4,2433.27,2441.62,2434.5
6/21/17,2439.31,2430.74,2442.23,2435.61
6/20/17,2450.66,2436.6,2450.66,2437.03
6/19/17,2442.55,2441.79,2453.82,2453.46
6/16/17,2431.24,2422.88,2433.15,2433.15
6/15/17,2424.14,2418.53,2433.95,2432.46
6/14/17,2443.75,2428.34,2443.75,2437.92
6/13/17,2434.15,2431.28,2441.49,2440.35
6/12/17,2425.88,2419.97,2430.38,2429.39
6/9/17,2436.39,2415.7,2446.2,2431.77
6/8/17,2434.27,2427.94,2439.27,2433.79
6/7/17,2432.03,2424.75,2435.28,2433.14
6/6/17,2431.92,2428.12,2436.21,2429.33
6/5/17,2437.83,2434.32,2439.55,2436.1
6/2/17,2431.28,2427.71,2440.23,2439.07
6/1/17,2415.65,2413.54,2430.06,2430.06
5/31/17,2415.63,2403.59,2415.99,2411.8
5/30/17,2411.67,2409.43,2415.26,2412.91
5/26/17,2414.5,2412.2,2416.68,2415.82
5/25/17,2409.54,2408.01,2418.71,2415.07
5/24/17,2401.41,2397.99,2405.58,2404.39
5/23/17,2397.04,2393.88,2400.85,2398.42
5/22/17,2387.21,2386.92,2395.46,2394.02
5/19/17,2371.37,2370.43,2389.06,2381.73
5/18/17,2354.69,2352.72,2375.74,2365.72
5/17/17,2382.95,2356.21,2384.87,2357.03
5/16/17,2404.55,2396.05,2405.77,2400.67
5/15/17,2393.98,2393.94,2404.05,2402.32
5/12/17,2392.44,2387.19,2392.44,2390.9
5/11/17,2394.84,2381.74,2395.72,2394.44
5/10/17,2396.79,2392.79,2399.74,2399.63
5/9/17,2401.58,2392.44,2403.87,2396.92
5/8/17,2399.94,2393.92,2401.36,2399.38
5/5/17,2392.37,2389.38,2399.29,2399.29
5/4/17,2389.79,2380.35,2391.43,2389.52
5/3/17,2386.5,2379.75,2389.82,2388.13
5/2/17,2391.05,2385.82,2392.93,2391.17
5/1/17,2388.5,2384.83,2394.49,2388.33
4/28/17,2393.68,2382.36,2393.68,2384.2
4/27/17,2389.7,2382.68,2392.1,2388.77
4/26/17,2388.98,2386.76,2398.16,2387.45
4/25/17,2381.51,2381.15,2392.48,2388.61
4/24/17,2370.33,2369.19,2376.98,2374.15
4/21/17,2354.74,2344.51,2356.18,2348.69
4/20/17,2342.69,2340.91,2361.37,2355.84
4/19/17,2346.79,2335.05,2352.63,2338.17
4/18/17,2342.53,2334.54,2348.35,2342.19
4/17/17,2332.62,2332.51,2349.14,2349.01
4/13/17,2341.98,2328.95,2348.26,2328.95
4/12/17,2352.15,2341.18,2352.72,2344.93
4/11/17,2353.92,2337.25,2355.22,2353.78
4/10/17,2357.16,2351.5,2366.37,2357.16
4/7/17,2356.59,2350.74,2363.76,2355.54
4/6/17,2353.79,2348.9,2364.16,2357.49
4/5/17,2366.59,2350.52,2378.36,2352.95
4/4/17,2354.76,2350.72,2360.53,2360.16
4/3/17,2362.34,2344.73,2365.87,2358.84
3/31/17,2364.82,2362.6,2370.35,2362.72
3/30/17,2361.31,2358.58,2370.42,2368.06
3/29/17,2356.54,2352.94,2363.36,2361.13
3/28/17,2339.79,2337.63,2363.78,2358.57
3/27/17,2329.11,2322.25,2344.9,2341.59
3/24/17,2350.42,2335.74,2356.22,2343.98
3/23/17,2345.97,2342.13,2358.92,2345.96
3/22/17,2343,2336.45,2351.81,2348.45
3/21/17,2379.32,2341.9,2381.93,2344.02
3/20/17,2378.24,2369.66,2379.55,2373.47
3/17/17,2383.71,2377.64,2385.71,2378.25
3/16/17,2387.71,2377.18,2388.1,2381.38
3/15/17,2370.34,2368.94,2390.01,2385.26
3/14/17,2368.55,2358.18,2368.55,2365.45
3/13/17,2371.56,2368.52,2374.42,2373.47
3/10/17,2372.52,2363.04,2376.86,2372.6
3/9/17,2363.49,2354.54,2369.08,2364.87
3/8/17,2369.81,2361.01,2373.09,2362.98
3/7/17,2370.74,2365.51,2375.12,2368.39
3/6/17,2375.23,2367.98,2378.8,2375.31
3/3/17,2380.92,2375.39,2383.89,2383.12
3/2/17,2394.75,2380.17,2394.75,2381.92
3/1/17,2380.13,2380.13,2400.98,2395.96
2/28/17,2366.08,2358.96,2367.79,2363.64
2/27/17,2365.23,2361.87,2371.54,2369.75
2/24/17,2355.73,2352.87,2367.34,2367.34
2/23/17,2367.5,2355.09,2368.26,2363.81
2/22/17,2361.11,2358.34,2365.13,2362.82
2/21/17,2354.91,2354.91,2366.71,2365.38
2/17/17,2343.01,2339.58,2351.16,2351.16
2/16/17,2349.64,2338.87,2351.31,2347.22
2/15/17,2335.58,2334.81,2351.3,2349.25
2/14/17,2326.12,2322.17,2337.58,2337.58
2/13/17,2321.72,2321.42,2331.58,2328.25
2/10/17,2312.27,2311.1,2319.23,2316.1
2/9/17,2296.7,2296.61,2311.08,2307.87
2/8/17,2289.55,2285.38,2295.91,2294.67
2/7/17,2295.87,2290.16,2299.4,2293.08
2/6/17,2294.28,2288.57,2296.18,2292.56
2/3/17,2288.54,2287.88,2298.31,2297.42
2/2/17,2276.69,2271.65,2283.97,2280.85
2/1/17,2285.59,2272.44,2289.14,2279.55
1/31/17,2274.02,2267.21,2279.09,2278.87
1/30/17,2286.01,2268.04,2286.01,2280.9
1/27/17,2299.02,2291.62,2299.02,2294.69
1/26/17,2298.63,2294.08,2300.99,2296.68
1/25/17,2288.88,2288.88,2299.55,2298.37
1/24/17,2267.88,2266.68,2284.63,2280.07
1/23/17,2267.78,2257.02,2271.78,2265.2
1/20/17,2269.96,2265.01,2276.96,2271.31
1/19/17,2271.9,2258.41,2274.33,2263.69
1/18/17,2269.14,2263.35,2272.01,2271.89
1/17/17,2269.14,2262.81,2272.08,2267.89
1/16/17,2269.14,2262.81,2272.08,2267.89
1/13/17,2272.74,2271.51,2278.68,2274.64
1/12/17,2271.14,2254.25,2271.78,2270.44
1/11/17,2268.6,2260.83,2275.32,2275.32
1/10/17,2269.72,2265.27,2279.27,2268.9
1/9/17,2273.59,2268.9,2275.49,2268.9
1/8/17,2273.59,2268.9,2275.49,2268.9
1/6/17,2271.14,2264.06,2282.1,2276.98
1/5/17,2268.18,2260.45,2271.5,2269
1/4/17,2261.6,2261.6,2272.82,2270.75
1/3/17,2251.57,2245.13,2263.88,2257.83
12/30/16,2251.61,2233.62,2253.58,2238.83
12/29/16,2249.5,2244.56,2254.51,2249.26
12/28/16,2270.23,2249.11,2271.31,2249.92
12/27/16,2266.23,2266.15,2273.82,2268.88
12/23/16,2260.25,2258.84,2263.79,2263.79
12/22/16,2262.93,2256.08,2263.18,2260.96
12/21/16,2270.54,2265.15,2271.23,2265.18
12/20/16,2266.5,2266.14,2272.56,2270.76
12/19/16,2259.24,2258.21,2267.47,2262.53
12/16/16,2266.81,2254.24,2268.05,2258.07
12/15/16,2253.77,2253.77,2272.12,2262.03
12/14/16,2268.35,2248.44,2276.2,2253.28
12/13/16,2263.32,2263.32,2277.53,2271.72
12/12/16,2258.83,2252.37,2264.03,2256.96
12/9/16,2249.73,2249.23,2259.8,2259.53
12/8/16,2241.13,2237.57,2251.69,2246.19
12/7/16,2210.72,2208.93,2241.63,2241.35
12/6/16,2207.26,2202.21,2212.78,2212.23
12/5/16,2200.65,2199.97,2209.42,2204.71
12/2/16,2191.12,2188.37,2197.95,2191.95
12/1/16,2200.17,2187.44,2202.6,2191.08
11/30/16,2204.97,2198.81,2214.1,2198.81
11/29/16,2200.76,2198.15,2210.46,2204.66
11/28/16,2210.21,2200.36,2211.14,2201.72
11/25/16,2206.27,2206.27,2213.35,2213.35
11/24/16,2206.63,2204.72,2214.03,2204.72
11/23/16,2198.55,2194.51,2204.72,2204.72
11/22/16,2201.56,2194.51,2204.8,2202.94
11/21/16,2186.43,2186.43,2198.7,2198.18
11/18/16,2186.85,2180.38,2189.89,2181.9
11/17/16,2178.61,2176.65,2188.06,2187.12
11/16/16,2177.53,2172.2,2179.22,2176.94
11/15/16,2168.29,2166.38,2180.84,2180.39
11/14/16,2165.64,2156.08,2171.36,2164.2
11/11/16,2162.71,2152.49,2165.92,2164.45
11/10/16,2167.49,2151.17,2182.3,2167.48
11/9/16,2131.56,2125.35,2170.1,2163.26
11/8/16,2129.92,2123.56,2146.87,2139.56
11/7/16,2100.59,2100.59,2132,2131.52
11/4/16,2083.79,2083.79,2099.07,2085.18
11/3/16,2098.8,2085.23,2102.56,2088.66
11/2/16,2109.43,2094,2111.76,2097.94
11/1/16,2128.68,2097.85,2131.45,2111.72
10/31/16,2129.78,2125.53,2133.25,2126.15
10/28/16,2132.23,2119.36,2140.72,2126.41
10/27/16,2144.06,2132.52,2147.13,2133.04
10/26/16,2136.97,2131.59,2145.73,2139.43
10/25/16,2149.72,2141.93,2151.44,2143.16
10/24/16,2148.5,2146.91,2154.79,2151.33
10/21/16,2139.43,2130.09,2142.63,2141.16
10/20/16,2142.51,2133.44,2147.18,2141.34
10/19/16,2140.81,2138.15,2148.44,2144.29
10/18/16,2138.31,2135.49,2144.38,2139.6
10/17/16,2132.95,2124.43,2135.61,2126.5
10/14/16,2139.68,2132.98,2149.19,2132.98
10/13/16,2130.26,2114.72,2138.19,2132.55
10/12/16,2137.67,2132.77,2145.36,2139.18
10/11/16,2161.35,2128.84,2161.56,2136.73
10/10/16,2160.39,2160.39,2169.6,2163.66
10/7/16,2164.19,2144.85,2165.86,2153.74
10/6/16,2158.22,2150.28,2162.93,2160.77
10/5/16,2155.15,2155.15,2163.95,2159.73
10/4/16,2163.37,2144.01,2165.46,2150.49
10/3/16,2164.33,2154.77,2164.41,2161.2
9/30/16,2156.51,2156.51,2175.3,2168.27
9/29/16,2168.9,2145.2,2172.67,2151.13
9/28/16,2161.85,2151.79,2172.4,2171.37
9/27/16,2146.04,2141.55,2161.13,2159.93
9/26/16,2158.54,2145.04,2158.54,2146.1
9/23/16,2173.29,2163.97,2173.75,2164.69
9/22/16,2170.94,2170.94,2179.99,2177.18
9/21/16,2144.58,2139.57,2165.11,2163.12
9/20/16,2145.94,2139.17,2150.8,2139.76
9/19/16,2143.99,2135.91,2153.61,2139.12
9/16/16,2146.48,2131.2,2146.48,2139.16
9/15/16,2125.36,2122.36,2151.31,2147.26
9/14/16,2127.86,2119.9,2141.33,2125.77
9/13/16,2150.47,2120.27,2150.47,2127.02
9/12/16,2120.86,2119.12,2163.3,2159.04
9/9/16,2169.08,2127.81,2169.08,2127.81
9/8/16,2182.76,2177.49,2184.94,2181.3
9/7/16,2185.17,2179.07,2187.87,2186.16
9/6/16,2181.61,2175.1,2186.57,2186.48
9/2/16,2177.49,2173.59,2184.87,2179.98
9/1/16,2171.33,2157.09,2173.56,2170.86
8/31/16,2173.56,2161.35,2173.79,2170.95
8/30/16,2179.45,2170.41,2182.27,2176.12
8/29/16,2170.19,2170.19,2183.48,2180.38
8/26/16,2175.1,2160.39,2187.94,2169.04
8/25/16,2173.29,2169.74,2179,2172.47
8/24/16,2185.09,2171.25,2186.66,2175.44
8/23/16,2187.81,2186.8,2193.42,2186.9
8/22/16,2181.58,2175.96,2185.15,2182.64
8/19/16,2184.24,2175.13,2185,2183.87
8/18/16,2181.9,2180.46,2187.03,2187.02
8/17/16,2177.84,2168.5,2183.08,2182.22
8/16/16,2186.24,2178.14,2186.24,2178.15
8/15/16,2186.08,2186.08,2193.81,2190.15
8/12/16,2183.74,2179.42,2186.28,2184.05
8/11/16,2177.97,2177.97,2188.45,2185.79
8/10/16,2182.81,2172,2183.41,2175.49
8/9/16,2182.24,2178.61,2187.66,2181.74
8/8/16,2183.76,2177.85,2185.44,2180.89
8/5/16,2168.79,2168.79,2182.87,2182.87
8/4/16,2163.51,2159.07,2168.19,2164.25
8/3/16,2156.81,2152.56,2163.79,2163.79
8/2/16,2169.94,2147.58,2170.2,2157.03
8/1/16,2173.15,2166.21,2178.29,2170.84
7/29/16,2168.83,2163.49,2177.09,2173.6
7/28/16,2166.05,2159.74,2172.85,2170.06
7/27/16,2169.81,2159.07,2174.98,2166.58
7/26/16,2168.97,2160.18,2173.54,2169.18
7/25/16,2173.71,2161.95,2173.71,2168.48
7/22/16,2166.47,2163.24,2175.11,2175.03
7/21/16,2172.91,2159.75,2174.56,2165.17
7/20/16,2166.1,2164.89,2175.63,2173.02
7/19/16,2163.79,2159.01,2164.63,2163.78
7/18/16,2162.04,2159.63,2168.35,2166.89
7/15/16,2165.13,2155.79,2169.05,2161.74
7/14/16,2157.88,2157.88,2168.99,2163.75
7/13/16,2153.81,2146.21,2156.45,2152.43
7/12/16,2139.5,2139.5,2155.4,2152.14
7/11/16,2131.72,2131.72,2143.16,2137.16
7/8/16,2106.97,2106.97,2131.71,2129.9
7/7/16,2100.42,2089.39,2109.08,2097.9
7/6/16,2084.43,2074.02,2100.72,2099.73
7/5/16,2095.05,2080.86,2095.05,2088.55
7/1/16,2099.34,2097.9,2108.71,2102.95
6/30/16,2073.17,2070,2098.94,2098.86
6/29/16,2042.69,2042.69,2073.13,2070.77
6/28/16,2006.67,2006.67,2036.09,2036.09
6/27/16,2031.45,1991.68,2031.45,2000.54
6/24/16,2103.81,2032.57,2103.81,2037.41
6/23/16,2092.8,2092.8,2113.32,2113.32
6/22/16,2089.75,2084.36,2099.71,2085.45
6/21/16,2085.19,2083.02,2093.66,2088.9
6/20/16,2075.58,2075.58,2100.66,2083.25
6/17/16,2078.2,2062.84,2078.2,2071.22
6/16/16,2066.36,2050.37,2079.62,2077.99
6/15/16,2077.6,2069.8,2085.65,2071.5
6/14/16,2076.65,2064.1,2081.3,2075.32
6/13/16,2091.75,2078.46,2098.12,2079.06
6/10/16,2109.57,2089.96,2109.57,2096.07
6/9/16,2115.65,2107.73,2117.64,2115.48
6/8/16,2112.71,2112.71,2120.55,2119.12
6/7/16,2110.18,2110.18,2119.22,2112.13
6/6/16,2100.83,2100.83,2113.36,2109.41
6/3/16,2104.07,2085.36,2104.07,2099.13
6/2/16,2097.71,2088.59,2105.26,2105.26
6/1/16,2093.94,2085.1,2100.97,2099.33
5/31/16,2100.13,2088.66,2103.48,2096.96
5/27/16,2090.06,2090.06,2099.06,2099.06
5/26/16,2091.44,2087.08,2094.3,2090.1
5/25/16,2078.93,2078.93,2094.73,2090.54
5/24/16,2052.65,2052.65,2079.67,2076.06
5/23/16,2052.23,2047.26,2055.58,2048.04
5/20/16,2041.88,2041.88,2058.35,2052.32
5/19/16,2044.21,2025.91,2044.21,2040.04
5/18/16,2044.38,2034.49,2060.61,2047.63
5/17/16,2065.04,2040.82,2065.69,2047.21
5/16/16,2046.53,2046.53,2071.88,2066.66
5/13/16,2062.5,2043.13,2066.79,2046.61
5/12/16,2067.17,2053.13,2073.99,2064.11
5/11/16,2083.29,2064.46,2083.29,2064.46
5/10/16,2062.63,2062.63,2084.87,2084.39
5/9/16,2057.55,2054.31,2064.15,2058.69
5/6/16,2047.77,2039.45,2057.72,2057.14
5/5/16,2052.95,2045.77,2060.23,2050.63
5/4/16,2060.3,2045.55,2060.3,2051.12
5/3/16,2077.18,2054.89,2077.18,2063.37
5/2/16,2067.17,2066.11,2083.42,2081.43
4/29/16,2071.82,2052.28,2073.85,2065.3
4/28/16,2090.93,2071.62,2099.3,2075.81
4/27/16,2092.33,2082.31,2099.89,2095.15
4/26/16,2089.84,2085.8,2096.87,2091.7
4/25/16,2089.37,2077.52,2089.37,2087.79
4/22/16,2091.49,2081.2,2094.32,2091.58
4/21/16,2102.09,2088.52,2103.78,2091.48
4/20/16,2101.52,2096.32,2111.05,2102.4
4/19/16,2096.05,2091.68,2104.05,2100.8
4/18/16,2078.83,2073.65,2094.66,2094.34
4/15/16,2083.1,2076.31,2083.22,2080.73
4/14/16,2082.89,2078.13,2087.84,2082.78
4/13/16,2065.92,2065.92,2083.18,2082.42
4/12/16,2043.72,2039.74,2065.05,2061.72
4/11/16,2050.23,2041.88,2062.93,2041.99
4/8/16,2045.54,2041.69,2060.63,2047.6
4/7/16,2063.01,2033.8,2063.01,2041.91
4/6/16,2045.56,2043.09,2067.33,2066.66
4/5/16,2062.5,2042.56,2062.5,2045.17
4/4/16,2073.19,2062.57,2074.02,2066.13
4/1/16,2056.62,2043.98,2075.07,2072.78
3/31/16,2063.77,2057.46,2067.92,2059.74
3/30/16,2058.27,2058.27,2072.21,2063.95
3/29/16,2035.75,2028.31,2055.91,2055.01
3/28/16,2037.89,2031.96,2042.67,2037.05
3/24/16,2032.48,2022.49,2036.04,2035.94
3/23/16,2048.55,2034.86,2048.55,2036.71
3/22/16,2048.64,2040.57,2056.6,2049.8
3/21/16,2047.88,2043.14,2053.91,2051.6
3/18/16,2041.16,2041.16,2052.36,2049.58
3/17/16,2026.9,2022.16,2046.24,2040.59
3/16/16,2014.24,2010.04,2032.02,2027.22
3/15/16,2015.27,2005.23,2015.94,2015.93
3/14/16,2019.27,2012.05,2024.57,2019.64
3/11/16,1994.71,1994.71,2022.37,2022.19
3/10/16,1990.97,1969.25,2005.08,1989.57
3/9/16,1981.44,1979.84,1992.69,1989.26
3/8/16,1996.88,1977.43,1996.88,1979.26
3/7/16,1996.11,1989.38,2006.12,2001.76
3/4/16,1994.01,1986.77,2009.13,1999.99
3/3/16,1985.6,1977.37,1993.69,1993.4
3/2/16,1976.6,1968.8,1986.51,1986.45
3/1/16,1937.09,1937.09,1978.35,1978.35
2/29/16,1947.13,1931.81,1958.27,1932.23
2/26/16,1954.95,1945.78,1962.96,1948.05
2/25/16,1931.87,1925.41,1951.83,1951.7
2/24/16,1917.56,1891,1932.08,1929.8
2/23/16,1942.38,1919.44,1942.38,1921.27
2/22/16,1924.44,1924.44,1946.7,1945.5
2/19/16,1916.74,1902.17,1918.78,1917.78
2/18/16,1927.57,1915.09,1930,1917.83
2/17/16,1898.8,1898.8,1930.68,1926.82
2/16/16,1871.44,1871.44,1895.77,1895.58
2/12/16,1833.4,1833.4,1864.78,1864.78
2/11/16,1847,1810.1,1847,1829.08
2/10/16,1857.1,1850.32,1881.6,1851.86
2/9/16,1848.46,1834.94,1868.25,1852.21
2/8/16,1873.25,1828.46,1873.25,1853.44
2/5/16,1913.07,1872.65,1913.07,1880.05
2/4/16,1911.67,1900.52,1927.35,1915.45
2/3/16,1907.07,1872.23,1918.01,1912.53
2/2/16,1935.26,1897.29,1935.26,1903.03
2/1/16,1936.94,1920.3,1947.2,1939.38
1/29/16,1894,1894,1940.24,1940.24
1/28/16,1885.22,1873.65,1902.96,1893.36
1/27/16,1902.52,1872.7,1916.99,1882.95
1/26/16,1878.79,1878.79,1906.73,1903.63
1/25/16,1906.28,1875.97,1906.28,1877.08
1/22/16,1877.4,1877.4,1908.85,1906.9
1/21/16,1861.46,1848.98,1889.85,1868.99
1/20/16,1876.18,1812.29,1876.18,1859.33
1/19/16,1888.66,1864.6,1901.44,1881.33
1/15/16,1916.68,1857.83,1916.68,1880.33
1/14/16,1891.68,1878.93,1934.47,1921.84
1/13/16,1940.34,1886.41,1950.33,1890.28
1/12/16,1927.83,1914.35,1947.38,1938.68
1/11/16,1926.12,1901.1,1935.65,1923.67
1/8/16,1945.97,1918.46,1960.4,1922.03
1/7/16,1985.32,1938.83,1985.32,1943.09
1/6/16,2011.71,1979.05,2011.71,1990.26
1/5/16,2013.78,2004.17,2021.94,2016.71
1/4/16,2038.2,1989.68,2038.2,2012.66
12/31/15,2060.59,2043.62,2062.54,2043.94
12/30/15,2077.34,2061.97,2077.34,2063.36
12/29/15,2060.54,2060.54,2081.56,2078.36
12/28/15,2057.77,2044.2,2057.77,2056.5
12/24/15,2063.52,2058.73,2067.36,2060.99
12/23/15,2042.2,2042.2,2064.73,2064.29
12/22/15,2023.15,2020.49,2042.74,2038.97
12/21/15,2010.27,2005.93,2022.9,2021.15
12/18/15,2040.81,2005.33,2040.81,2005.55
12/17/15,2073.76,2041.66,2076.37,2041.89
12/16/15,2046.5,2042.43,2076.72,2073.07
12/15/15,2025.55,2025.55,2053.87,2043.41
12/14/15,2013.37,1993.26,2022.92,2021.94
12/11/15,2047.27,2008.8,2047.27,2012.37
12/10/15,2047.93,2045.67,2067.65,2052.23
12/9/15,2061.17,2036.53,2080.33,2047.62
12/8/15,2073.39,2052.32,2073.85,2063.59
12/7/15,2090.42,2066.78,2090.42,2077.07
12/4/15,2051.24,2051.24,2093.84,2091.69
12/3/15,2080.71,2042.35,2085,2049.62
12/2/15,2101.71,2077.11,2104.27,2079.51
12/1/15,2082.93,2082.93,2103.37,2102.63
11/30/15,2090.95,2080.41,2093.81,2080.41
11/27/15,2088.82,2084.13,2093.29,2090.11
11/25/15,2089.3,2086.3,2093,2088.87
11/24/15,2084.42,2070.29,2094.12,2089.14
11/23/15,2089.41,2081.39,2095.61,2086.59
11/20/15,2082.82,2082.82,2097.06,2089.17
11/19/15,2083.7,2078.76,2086.74,2081.24
11/18/15,2051.99,2051.99,2085.31,2083.58
11/17/15,2053.67,2045.9,2066.69,2050.44
11/16/15,2022.08,2019.39,2053.22,2053.19
11/13/15,2044.64,2022.02,2044.64,2023.04
11/12/15,2072.29,2045.66,2072.29,2045.97
11/11/15,2083.41,2074.85,2086.94,2075
11/10/15,2077.19,2069.91,2083.67,2081.72
11/9/15,2096.56,2068.24,2096.56,2078.58
11/6/15,2098.6,2083.74,2101.91,2099.2
11/5/15,2101.68,2090.41,2108.78,2099.93
11/4/15,2110.6,2096.98,2114.59,2102.31
11/3/15,2102.63,2097.51,2116.48,2109.79
11/2/15,2080.76,2080.76,2106.2,2104.05
10/30/15,2090,2079.34,2094.32,2079.36
10/29/15,2088.35,2082.63,2092.52,2089.41
10/28/15,2066.48,2063.11,2090.35,2090.35
10/27/15,2068.75,2058.84,2070.37,2065.89
10/26/15,2075.08,2066.53,2075.14,2071.18
10/23/15,2058.19,2058.19,2079.74,2075.15
10/22/15,2021.88,2021.88,2055.2,2052.51
10/21/15,2033.47,2017.22,2037.97,2018.94
10/20/15,2033.13,2026.61,2039.12,2030.77
10/19/15,2031.73,2022.31,2034.45,2033.66
10/16/15,2024.37,2020.46,2033.54,2033.11
10/15/15,1996.47,1996.47,2024.15,2023.86
10/14/15,2003.66,1990.73,2009.56,1994.24
10/13/15,2015,2001.78,2022.34,2003.69
10/12/15,2015.65,2010.55,2018.66,2017.46
10/9/15,2013.73,2007.61,2020.13,2014.89
10/8/15,1994.01,1987.53,2016.5,2013.43
10/7/15,1982.34,1976.44,1999.31,1995.83
10/6/15,1986.63,1971.99,1991.62,1979.92
10/5/15,1954.33,1954.33,1989.17,1987.05
10/2/15,1921.77,1893.7,1951.36,1951.36
10/1/15,1919.65,1900.7,1927.21,1923.82
9/30/15,1887.14,1887.14,1920.53,1920.03
9/29/15,1881.9,1871.91,1899.48,1884.09
9/28/15,1929.18,1879.21,1929.18,1881.77
9/25/15,1935.93,1921.5,1952.89,1931.34
9/24/15,1934.81,1908.92,1937.17,1932.24
9/23/15,1943.24,1932.57,1949.52,1938.76
9/22/15,1961.39,1929.22,1961.39,1942.74
9/21/15,1960.84,1955.8,1979.64,1966.97
9/18/15,1989.66,1953.45,1989.66,1958.03
9/17/15,1995.33,1986.73,2020.86,1990.2
9/16/15,1978.02,1977.93,1997.26,1995.31
9/15/15,1955.1,1954.3,1983.19,1978.09
9/14/15,1963.06,1948.27,1963.06,1953.03
9/11/15,1951.45,1939.19,1961.05,1961.05
9/10/15,1941.59,1937.19,1965.29,1952.29
9/9/15,1971.45,1937.88,1988.63,1942.04
9/8/15,1927.3,1927.3,1970.42,1969.41
9/4/15,1947.76,1911.21,1947.76,1921.22
9/3/15,1950.79,1944.72,1975.01,1951.13
9/2/15,1916.52,1916.52,1948.91,1948.86
9/1/15,1970.09,1903.07,1970.09,1913.85
8/31/15,1986.73,1965.98,1986.73,1972.18
8/28/15,1986.06,1975.19,1993.48,1988.87
8/27/15,1942.77,1942.77,1989.6,1987.66
8/26/15,1872.75,1872.75,1943.09,1940.51
8/25/15,1898.08,1867.08,1948.04,1867.61
8/24/15,1965.15,1867.01,1965.15,1893.21
8/21/15,2034.08,1970.89,2034.08,1970.89
8/20/15,2076.61,2035.73,2076.61,2035.73
8/19/15,2095.69,2070.53,2096.17,2079.61
8/18/15,2101.99,2094.14,2103.47,2096.92
8/17/15,2089.7,2079.3,2102.87,2102.44
8/14/15,2083.15,2080.61,2092.45,2091.54
8/13/15,2086.19,2078.26,2092.93,2083.39
8/12/15,2081.1,2052.09,2089.06,2086.05
8/11/15,2102.66,2076.49,2102.66,2084.07
8/10/15,2080.98,2080.98,2105.35,2104.18
8/7/15,2082.61,2067.91,2082.61,2077.57
8/6/15,2100.75,2075.53,2103.32,2083.56
8/5/15,2095.27,2095.27,2112.66,2099.84
8/4/15,2097.68,2088.6,2102.51,2093.32
8/3/15,2104.49,2087.31,2105.7,2098.04
7/31/15,2111.6,2102.07,2114.24,2103.84
7/30/15,2106.78,2094.97,2110.48,2108.63
7/29/15,2094.7,2094.08,2110.6,2108.57
7/28/15,2070.75,2069.09,2095.6,2093.25
7/27/15,2078.19,2063.52,2078.19,2067.64
7/24/15,2102.24,2077.09,2106.01,2079.65
7/23/15,2114.16,2098.63,2116.87,2102.15
7/22/15,2118.21,2110,2118.51,2114.15
7/21/15,2127.55,2115.4,2128.49,2119.21
7/20/15,2126.85,2123.65,2132.82,2128.28
7/17/15,2126.8,2119.88,2128.91,2126.64
7/16/15,2110.55,2110.55,2124.42,2124.29
7/15/15,2109.01,2102.49,2114.14,2107.4
7/14/15,2099.72,2098.18,2111.98,2108.95
7/13/15,2080.03,2080.03,2100.67,2099.6
7/10/15,2052.74,2052.74,2081.31,2076.62
7/9/15,2049.73,2049.73,2074.28,2051.31
7/8/15,2077.66,2044.66,2077.66,2046.68
7/7/15,2069.52,2044.02,2083.74,2081.34
7/6/15,2073.95,2058.4,2078.61,2068.76
7/2/15,2078.03,2071.02,2085.06,2076.78
7/1/15,2067,2067,2082.78,2077.42
6/30/15,2061.19,2056.32,2074.28,2063.11
6/29/15,2098.63,2056.64,2098.63,2057.64
6/26/15,2102.62,2095.38,2108.92,2101.49
6/25/15,2109.96,2101.78,2116.04,2102.31
6/24/15,2123.65,2108.58,2125.1,2108.58
6/23/15,2123.16,2119.89,2128.03,2124.2
6/22/15,2112.5,2112.5,2129.87,2122.85
6/19/15,2121.06,2109.45,2121.64,2109.99
6/18/15,2101.58,2101.58,2126.65,2121.24
6/17/15,2097.4,2088.86,2106.79,2100.44
6/16/15,2084.26,2082.1,2097.4,2096.29
6/15/15,2091.34,2072.49,2091.34,2084.43
6/12/15,2107.43,2091.33,2107.43,2094.11
6/11/15,2106.24,2106.24,2115.02,2108.86
6/10/15,2081.12,2081.12,2108.5,2105.2
6/9/15,2079.07,2072.14,2085.62,2080.15
6/8/15,2092.34,2079.11,2093.01,2079.28
6/5/15,2095.09,2085.67,2100.99,2092.83
6/4/15,2112.35,2093.23,2112.89,2095.84
6/3/15,2110.64,2109.61,2121.92,2114.07
6/2/15,2110.41,2099.14,2117.59,2109.6
6/1/15,2108.64,2102.54,2119.15,2111.73
5/29/15,2120.66,2104.89,2120.66,2107.39
5/28/15,2122.27,2112.86,2122.27,2120.79
5/27/15,2105.13,2105.13,2126.22,2123.48
5/26/15,2125.34,2099.18,2125.34,2104.2
5/22/15,2130.36,2126.06,2132.15,2126.06
5/21/15,2125.55,2122.95,2134.28,2130.82
5/20/15,2127.79,2122.59,2134.72,2125.85
5/19/15,2129.45,2124.5,2133.02,2127.83
5/18/15,2121.3,2120.01,2131.78,2129.2
5/15/15,2122.07,2116.79,2123.89,2122.73
5/14/15,2100.43,2100.43,2121.45,2121.1
5/13/15,2099.62,2096.04,2110.19,2098.48
5/12/15,2102.87,2085.57,2105.06,2099.12
5/11/15,2115.56,2104.58,2117.69,2105.33
5/8/15,2092.13,2092.13,2117.66,2116.1
5/7/15,2079.96,2074.99,2092.9,2088
5/6/15,2091.26,2067.93,2098.42,2080.15
5/5/15,2112.63,2088.46,2115.24,2089.46
5/4/15,2110.23,2110.23,2120.95,2114.49
5/1/15,2087.38,2087.38,2108.41,2108.29
4/30/15,2105.52,2077.59,2105.52,2085.51
4/29/15,2112.49,2097.41,2113.65,2106.85
4/28/15,2108.35,2094.89,2116.09,2114.76
4/27/15,2119.29,2107.04,2125.92,2108.92
4/24/15,2112.8,2112.8,2120.92,2117.69
4/23/15,2107.21,2103.19,2120.49,2112.93